<?xml version='1.0' encoding='utf-8' standalone='yes' ?>
<map>
    <string name="flutter.apiKeyExpiry">2025-11-21T08:25:12.730968</string>
    <boolean name="flutter.notification_permission_granted" value="true" />
    <string name="flutter.apiKey">245174C18CE0</string>
    <string name="flutter.telegramLink">https://t.me/sigma_Study_official</string>
    <string name="flutter.baseUrl">https://h1.sigmastudy.site</string>
    <boolean name="flutter.notification_permission_asked" value="true" />
    <string name="flutter.app_config">{&quot;versionCode&quot;:4,&quot;baseUrl&quot;:&quot;https://h1.sigmastudy.site&quot;,&quot;features&quot;:{&quot;serversionCodes&quot;:1},&quot;maintenance&quot;:{&quot;enabled&quot;:false},&quot;support&quot;:{&quot;telegramChannel&quot;:&quot;https://t.me/sigma_Study_official&quot;,&quot;tutorial&quot;:&quot;https://youtu.be/YRWiPC7GFpU?si=QZYzSx3X6dpCpsX7&quot;}}</string>
</map>
