<?xml version='1.0' encoding='utf-8' standalone='yes' ?>
<map>
    <string name="MODEL_STORE_operations">[{&quot;name&quot;:&quot;create-subscription&quot;,&quot;appId&quot;:&quot;4662bbdf-f0ab-4141-87e0-8cbe73692492&quot;,&quot;onesignalId&quot;:&quot;local-e01d6bb9-85c4-4415-ad13-98db5a50a9cb&quot;,&quot;subscriptionId&quot;:&quot;local-101c917a-066a-4fd1-a5aa-66628771e610&quot;,&quot;type&quot;:&quot;PUSH&quot;,&quot;enabled&quot;:false,&quot;address&quot;:&quot;&quot;,&quot;status&quot;:&quot;NO_PERMISSION&quot;,&quot;id&quot;:&quot;c04742f9-e9e9-4b7a-910f-16de822943ae&quot;},{&quot;name&quot;:&quot;login-user&quot;,&quot;appId&quot;:&quot;4662bbdf-f0ab-4141-87e0-8cbe73692492&quot;,&quot;onesignalId&quot;:&quot;local-e01d6bb9-85c4-4415-ad13-98db5a50a9cb&quot;,&quot;id&quot;:&quot;18dd8844-6689-401e-8164-0eb2fe13cb93&quot;},{&quot;name&quot;:&quot;track-session-start&quot;,&quot;appId&quot;:&quot;4662bbdf-f0ab-4141-87e0-8cbe73692492&quot;,&quot;onesignalId&quot;:&quot;local-e01d6bb9-85c4-4415-ad13-98db5a50a9cb&quot;,&quot;id&quot;:&quot;9a4985bc-13d8-4ff8-99b4-7bb60f70cf2b&quot;}]</string>
    <string name="MODEL_STORE_session">[{&quot;id&quot;:&quot;-singleton-&quot;,&quot;isValid&quot;:true,&quot;sessionId&quot;:&quot;7892ae33-f609-408b-952a-0d3c99a56083&quot;,&quot;startTime&quot;:1763607087017,&quot;focusTime&quot;:1756867932857,&quot;activeDuration&quot;:13711}]</string>
    <string name="MODEL_STORE_identity">[{&quot;onesignal_id&quot;:&quot;local-e01d6bb9-85c4-4415-ad13-98db5a50a9cb&quot;,&quot;id&quot;:&quot;-singleton-&quot;}]</string>
    <string name="MODEL_STORE_properties">[{&quot;onesignalId&quot;:&quot;local-e01d6bb9-85c4-4415-ad13-98db5a50a9cb&quot;,&quot;id&quot;:&quot;-singleton-&quot;}]</string>
    <string name="MODEL_STORE_config">[{&quot;id&quot;:&quot;-singleton-&quot;,&quot;appId&quot;:&quot;4662bbdf-f0ab-4141-87e0-8cbe73692492&quot;,&quot;backgroundFetchNotificationPermissionInterval&quot;:86400000,&quot;foregroundFetchNotificationPermissionInterval&quot;:1000,&quot;pushSubscriptionId&quot;:&quot;local-101c917a-066a-4fd1-a5aa-66628771e610&quot;}]</string>
    <set name="PREFS_OS_UNATTRIBUTED_UNIQUE_OUTCOME_EVENTS_SENT" />
    <string name="MODEL_STORE_subscriptions">[{&quot;id&quot;:&quot;local-101c917a-066a-4fd1-a5aa-66628771e610&quot;,&quot;type&quot;:&quot;PUSH&quot;,&quot;optedIn&quot;:true,&quot;address&quot;:&quot;&quot;,&quot;status&quot;:&quot;NO_PERMISSION&quot;,&quot;sdk&quot;:&quot;050135&quot;,&quot;deviceOS&quot;:&quot;9&quot;,&quot;carrier&quot;:&quot;Verizon Wireless&quot;,&quot;appVersion&quot;:&quot;4&quot;}]</string>
    <string name="PREFS_OS_INSTALL_ID">7a3e9a02-15f7-4a59-aca9-1a34f7f16da6</string>
</map>
