{"Fid":"fuSOHvydTIq4K5RBtVsTZ8","Status":3,"AuthToken":"eyJhbGciOiJFUzI1NiIsInR5cCI6IkpXVCJ9.eyJhcHBJZCI6IjE6NzU0Nzk1NjE0MDQyOmFuZHJvaWQ6YzY4MmI4MTQ0YThkZDUyYmMxYWQ2MyIsImV4cCI6MTc1NzQ3Mjc3MCwiZmlkIjoiZnVTT0h2eWRUSXE0SzVSQnRWc1RaOCIsInByb2plY3ROdW1iZXIiOjc1NDc5NTYxNDA0Mn0.AB2LPV8wRQIgCDa0pZdYsc6G-NCTDs4x-hw2NWMafdmO2icC8D2M1EwCIQCqvwdf9Am4OiOnT9gBEIdc1u0cLU-OWAt-XXnqFrOxCg","RefreshToken":"3_AS3qfwIDo81q_z9P_YqCwBiQgD-tHXQ0GoCVhY1NtJk1O3AEdnn-GOAdBNu5vUxysRfYCy8g1JyOStOTf3O-_prAISqvpCDk1xASmK9OhaFb8kY","TokenCreationEpochInSecs":1763607171,"ExpiresInSecs":604800}