{"Fid":"foBZNgwTQh2Se5wddgK3Rc","Status":3,"AuthToken":"eyJhbGciOiJFUzI1NiIsInR5cCI6IkpXVCJ9.eyJhcHBJZCI6IjE6NDg1NjE5OTk2MTUyOmFuZHJvaWQ6YjdkM2IxNDZiNGIyMTk1NGIxNzIwZCIsImV4cCI6MTc1NzQ3MjczMSwiZmlkIjoiZm9CWk5nd1RRaDJTZTV3ZGRnSzNSYyIsInByb2plY3ROdW1iZXIiOjQ4NTYxOTk5NjE1Mn0.AB2LPV8wRAIgXMWEywTX6c7o9YA5lrLcrhFSMFoLQm3ypuNS3hRtYpwCIF51jw8wK_9fgYDm1SYL6MNHRESbqtx_A-1ETvSXzXVM","RefreshToken":"3_AS3qfwJ5K7il-sLGW0973nMJrfPaD_eKOeOUomVhSx66EWvXQrKcI27oO3LiVIVi8Ch35-QpuYyF1e8mep9TOib_VEF5Nww27zgqv5rRa554Sag","TokenCreationEpochInSecs":1756867931,"ExpiresInSecs":604800}